file	status	bytes_or_error	url
rd-12-1941-ordinamento-giudiziario.html	OK	607533	https://www.normattiva.it/uri-res/N2Ls?urn:nir:stato:regio.decreto:1941-01-30;12
dlgs-151-2022-ufficio-per-il-processo.html	OK	87553	https://www.normattiva.it/uri-res/N2Ls?urn:nir:stato:decreto.legislativo:2022-10-10;151
dl-100-2026-giustizia-upp.html	OK	17152	https://www.gazzettaufficiale.it/eli/id/2026/06/12/26G00119/sg
dlgs-149-2022-riforma-processo-civile.html	OK	127496	https://www.normattiva.it/uri-res/N2Ls?urn:nir:stato:decreto.legislativo:2022-10-10;149
dlgs-150-2022-riforma-processo-penale-riparativa.html	OK	178103	https://www.normattiva.it/uri-res/N2Ls?urn:nir:stato:decreto.legislativo:2022-10-10;150
dlgs-164-2024-correttivo-civile.html	OK	91774	https://www.normattiva.it/uri-res/N2Ls?urn:nir:stato:decreto.legislativo:2024-10-31;164
dlgs-31-2024-correttivo-penale.html	OK	168133	https://www.normattiva.it/atto/caricaDettaglioAtto?atto.codiceRedazionale=24G00052&atto.dataPubblicazioneGazzetta=2024-03-20&bloccoAggiornamentoBreadCrumb=true&tipoDettaglio=vigente&title=lbl.dettaglioAtto
dpr-115-2002-spese-giustizia.html	OK	360151	https://www.normattiva.it/uri-res/N2Ls?urn:nir:stato:decreto.del.presidente.della.repubblica:2002-05-30;115
dpr-313-2002-casellario.html	OK	137160	https://www.normattiva.it/uri-res/N2Ls?urn:nir:stato:decreto.del.presidente.della.repubblica:2002-11-14;313
dpr-1229-1959-ufficiali-giudiziari.html	OK	230441	https://www.normattiva.it/uri-res/N2Ls?urn:nir:stato:decreto.del.presidente.della.repubblica:1959-12-15;1229
dlgs-122-2018-casellario.html	OK	85764	https://www.normattiva.it/uri-res/N2Ls?urn:nir:stato:decreto.legislativo:2018-10-02;122
dpr-448-1988-processo-penale-minorile.html	OK	142189	https://www.normattiva.it/uri-res/N2Ls?urn:nir:stato:decreto.del.presidente.della.repubblica:1988-09-22;448
dlgs-272-1989-attuazione-minorile.html	OK	91080	https://www.normattiva.it/uri-res/N2Ls?urn:nir:stato:decreto.legislativo:1989-07-28;272
dlgs-121-2018-pene-minorenni.html	OK	91514	https://www.normattiva.it/uri-res/N2Ls?urn:nir:stato:decreto.legislativo:2018-10-02;121
legge-67-2014-messa-alla-prova.html	OK	91269	https://www.normattiva.it/uri-res/N2Ls?urn:nir:stato:legge:2014-04-28;67
legge-354-1975-ordinamento-penitenziario.html	OK	259641	https://www.normattiva.it/uri-res/N2Ls?urn:nir:stato:legge:1975-07-26;354
dlgs-123-2018-riforma-ordinamento-penitenziario.html	OK	101213	https://www.normattiva.it/uri-res/N2Ls?urn:nir:stato:decreto.legislativo:2018-10-02;123
dlgs-124-2018-vita-detentiva-lavoro-penitenziario.html	OK	79493	https://www.normattiva.it/uri-res/N2Ls?urn:nir:stato:decreto.legislativo:2018-10-02;124
dl-92-2024-misure-penitenziarie-giustizia.html	OK	92580	https://www.normattiva.it/uri-res/N2Ls?urn:nir:stato:decreto.legge:2024-07-04;92
dpr-230-2000-regolamento-penitenziario.html	OK	166815	https://www.normattiva.it/uri-res/N2Ls?urn:nir:stato:decreto.del.presidente.della.repubblica:2000-06-30;230
dpcm-84-2015-ministero-giustizia.html	OK	103871	https://www.normattiva.it/uri-res/N2Ls?urn:nir:presidente.consiglio.ministri:decreto:2015-06-15;84
dpcm-54-2022-ministero-giustizia.html	OK	124591	https://www.normattiva.it/uri-res/N2Ls?urn:nir:presidente.consiglio.ministri:decreto:2022-04-22;54
dpcm-78-2024-ministero-giustizia.html	OK	82495	https://www.normattiva.it/atto/caricaDettaglioAtto?atto.codiceRedazionale=24G00097&atto.dataPubblicazioneGazzetta=2024-06-13&bloccoAggiornamentoBreadCrumb=true&tipoDettaglio=vigente&title=lbl.dettaglioAtto
dpr-189-2025-ministero-giustizia.html	OK	17778	https://www.gazzettaufficiale.it/atto/serie_generale/caricaDettaglioAtto/originario?atto.codiceRedazionale=25G00199&atto.dataPubblicazioneGazzetta=2025-12-18&elenco30giorni=false
dm-44-2011-regole-tecniche-pct.html	OK	156667	https://www.normattiva.it/uri-res/N2Ls?urn:nir:ministero.giustizia:decreto:2011-02-21;44
dm-217-2023-processo-penale-telematico.html	OK	17172	https://www.gazzettaufficiale.it/eli/id/2023/12/30/23G00228/sg
dm-206-2024-processo-penale-telematico.html	OK	17317	https://www.gazzettaufficiale.it/eli/id/2024/12/30/24G00226/sg
dm-206-2025-processo-penale-telematico.html	OK	17224	https://www.gazzettaufficiale.it/atto/serie_generale/caricaDettaglioAtto/originario?atto.codiceRedazionale=25G00215&atto.dataPubblicazioneGazzetta=2025-12-31&elenco30giorni=false
dm-114-2026-processo-penale-telematico.html	OK	17322	https://www.gazzettaufficiale.it/eli/id/2026/06/30/26G00134/sg
aran-ccnl-comparto-fc-2022-2024.html	OK	435285	https://www.aranagenzia.it/documento_pubblico/contratto-collettivo-nazionale-di-lavoro-del-comparto-funzioni-centrali-periodo-2022-2024/
ccnl-comparto-fc-2022-2024.pdf	OK	548065	https://www.aranagenzia.it/wp-content/uploads/2025/01/2025_01_27_COMP-FC_2022-2024.pdf
aran-ccnl-area-fc-2022-2024.html	OK	483202	https://www.aranagenzia.it/documento_pubblico/contratto-collettivo-nazionale-di-lavoro-relativo-al-personale-dellarea-funzioni-centrali-triennio-2022-2024/
ccnl-area-fc-2022-2024.pdf	OK	923724	https://www.aranagenzia.it/wp-content/uploads/2025/10/2025_10_28_AREA-FC_2022-2024.pdf
aran-ipotesi-ccnl-comparto-fc-2025-2027.html	OK	203518	https://www.aranagenzia.it/novita/ipotesi-di-ccnl-comparto-funzioni-centrali-2025-2027/
ipotesi-ccnl-comparto-fc-2025-2027.pdf	OK	846707	https://www.aranagenzia.it/wp-content/uploads/2026/06/2026_06_09_I_L_C_FC_2025-2027-sito-1.pdf
inpa-giustizia-upp-3946.html	OK	118089	https://www.inpa.gov.it/bandi-e-avvisi/dettaglio-bando-avviso/?concorso_id=5d714cf809a64950b956c740183fb5a6
inpa-giustizia-2970.html	OK	108683	https://www.inpa.gov.it/bandi-e-avvisi/dettaglio-bando-avviso/?concorso_id=3be442a291a94827800da7351b3c3afd
ministero-dap-104-236.html	OK	98962	https://www.giustizia.it/giustizia/it/mg_1_6_1.page?contentId=SCE399720
ministero-ripam-791.html	OK	43579	https://www.giustizia.it/giustizia/it/mg_1_6_1.page?contentId=SCE411222
ministero-esperti-pedagogia-2025.html	OK	57545	https://www.giustizia.it/giustizia/it/mg_1_6_1.page?contentId=SCE1457415
ministero-stabilizzazioni-pnrr-2026.html	OK	119234	https://www.giustizia.it/giustizia/it/mg_1_6_1.page?contentId=SCE1496030
giustizia-circolare-3-novembre-2021-upp.html	OK	98023	https://www.giustizia.it/giustizia/it/mg_1_8_1.page?contentId=SDC353191&facetNode_1=1_1%282021%29&facetNode_2=1_1%28202111%29&previsiousPage=mg_1_8
giustizia-circolare-2-dicembre-2021-progetto-upp.html	OK	90369	https://www.giustizia.it/giustizia/it/mg_1_8_1.page?contentId=SDC357877&facetNode_1=1_1%282021%29&previsiousPage=mg_1_8
giustizia-ufficio-per-il-processo.html	OK	45462	https://www.giustizia.it/giustizia/it/contentview.page?contentId=ART199849
pst-home.html	OK	40295	https://pst.giustizia.it/PST/
pst-deposito-generico-atto.html	OK	28117	https://pst.giustizia.it/PST/it/dettaglio_schede_tematiche.page?contentId=ACC239&modelId=12
pst-naviga-tematica.html	OK	41345	https://pst.giustizia.it/PST/it/naviga_per_tematica.page
corte-cost-10-2024.html	OK	15069	https://www.cortecostituzionale.it/actionSchedaPronuncia.do?param_ecli=ECLI:IT:COST:2024:10
corte-cost-99-2019.html	OK	15097	https://www.cortecostituzionale.it/actionSchedaPronuncia.do?anno=2019&numero=99
corte-cost-253-2019.html	OK	15102	https://www.cortecostituzionale.it/actionSchedaPronuncia.do?param_ecli=ECLI:IT:COST:2019:253
cedu-torreggiani-ministero.html	OK	128236	https://www.giustizia.it/giustizia/it/mg_1_20_1.wp?contentId=SDU810042&facetNode_1=1_2%282013%29&facetNode_2=0_8_1_85&previsiousPage=mg_1_20
comitato-ministri-torreggiani.html	OK	38991	https://www.giustizia.it/giustizia/it/mg_1_12_1.page?contentId=SPS1190544
vol-04-giustizia-upp-dossier-v4.md	COPIED	46576	C:\Users\Anton\Desktop\VOL_REDAZIONE LIBRO\VOL-04-giustizia-UPP-dossier-v4.md
